{"cameraMode":{"drawMode":0,"name":"Shaded","section":"Shading Mode"},"sceneLighting":false,"audioPlay":false,"sceneViewState":{"m_AlwaysRefresh":false,"showFog":true,"showSkybox":false,"showFlares":true,"showImageEffects":true,"showParticleSystems":true,"showVisualEffectGraphs":true,"m_FxEnabled":true},"in2DMode":false,"pivot":{"x":0.07612907886505127,"y":0.06803867220878601,"z":0.08039891719818115},"rotation":{"x":-0.12517710030078889,"y":0.3427216708660126,"z":-0.046164315193891528,"w":-0.9299576878547669},"size":1.2420471906661988,"orthographic":false}