{"cameraMode":{"drawMode":0,"name":"Shaded","section":"Shading Mode"},"sceneLighting":false,"audioPlay":false,"sceneViewState":{"m_AlwaysRefresh":false,"showFog":true,"showSkybox":false,"showFlares":true,"showImageEffects":true,"showParticleSystems":true,"showVisualEffectGraphs":true,"m_FxEnabled":true},"in2DMode":false,"pivot":{"x":13.302166938781739,"y":0.5650278329849243,"z":1.0004315376281739},"rotation":{"x":0.1369767040014267,"y":-0.09113116562366486,"z":0.012733636423945427,"w":0.9863447546958923},"size":2.5262198448181154,"orthographic":false}