{"cameraMode":{"drawMode":0,"name":"Shaded","section":"Shading Mode"},"sceneLighting":true,"audioPlay":false,"sceneViewState":{"m_AlwaysRefresh":false,"showFog":true,"showSkybox":true,"showFlares":true,"showImageEffects":true,"showParticleSystems":true,"showVisualEffectGraphs":true,"m_FxEnabled":true},"in2DMode":false,"pivot":{"x":0.03330395370721817,"y":1.5625066757202149,"z":-0.16932225227355958},"rotation":{"x":0.2316434234380722,"y":-0.0434698648750782,"z":0.010364859364926815,"w":0.9717942476272583},"size":0.9410982131958008,"orthographic":false}