{"cameraMode":{"drawMode":0,"name":"Shaded","section":"Shading Mode"},"sceneLighting":true,"audioPlay":false,"sceneViewState":{"m_AlwaysRefresh":false,"showFog":true,"showSkybox":true,"showFlares":true,"showImageEffects":true,"showParticleSystems":true,"showVisualEffectGraphs":true,"m_FxEnabled":true},"in2DMode":false,"pivot":{"x":0.03330395370721817,"y":1.5625066757202149,"z":-0.16932225227355958},"rotation":{"x":0.22580847144126893,"y":-0.043531011790037158,"z":0.010105161927640438,"w":0.9731669425964356},"size":1.0699167251586915,"orthographic":false}