{"cameraMode":{"drawMode":0,"name":"Shaded","section":"Shading Mode"},"sceneLighting":true,"audioPlay":false,"sceneViewState":{"m_AlwaysRefresh":false,"showFog":true,"showSkybox":true,"showFlares":true,"showImageEffects":true,"showParticleSystems":true,"showVisualEffectGraphs":true,"m_FxEnabled":true},"in2DMode":false,"pivot":{"x":-1.3140790462493897,"y":2.6466526985168459,"z":3.2022600173950197},"rotation":{"x":4.80439894090523e-7,"y":-0.08958251029253006,"z":-0.00000201326315618644,"w":0.9959882497787476},"size":5.232985496520996,"orthographic":false}